codigo;descricao;unidade;peso_medio;estoque;preco
34901;ACEM EMCUBOS FRIGOSPOL;KG;10,00;0;34,99
36947;ACEM EMCUBOS 30X30MM ALFAMA50 KG;UN;6,00;0;42,99
37152;ACEM EMCUBOS 30X30MM ALFAMA6KG;KG;6,00;0;39,99
34903;ACEMEMISCASFRIGOSPOL;KG;10,00;0;34,99
27861;ARANHA BOACARNE 40014;KG;25,00;0;32,98
29471;ARANHA CG 12185 JR;KG;25,00;0;32,98
26971;ARANHADOALCATRAFRIALTOCONG.;KG;25,00;0;32,98
32495;ARANHA DO ALCATRA 16223 VALENCIOCONG.;KG;25,00;0;32,98
36535;BIFE ANCHO CONGPUL SELECTIONMINERVA 1343/1283;KG;15,00;0;48,99
37141;BIFE ANCHO CONG FRIGORACA;KG;14,90;0;41,99
32954;BIFE ANCHO 70111 BOA CARNECONG;KG;25,00;0;41,99
37472;BIFECHORIZOGRILL1998/30019CGVALENCIO;KG;20,00;0;49,99
37142;BIFE DE CHORIZO CONGFRIGORACA;KG;25,00;0;46,99
36346;BIFE DE CHORIZO MASTERBOI CONG 3460;KG;15,00;0;49,99
36473;BIFEDECHORIZOMATURADO12374ESTANCIA92CONG;KG;11,50;0;56,98
36528;BIFE DE CHORIZO PUL SELECTION 9706 MINERVA CONG;KG;11,50;0;48,99
36233;BIFE DO VAZIO FRIBEV;KG;25,00;0;32,49
31807;BIFE DO VAZIO RIOMARIA 0428;KG;25,00;0;37,76
36950;BISTECADO CONTRAFILE C/OALFAMA 6KG;KG;6,00;0;41,99
29645;BUCHOBOVINOCGMASTERBOI;KG;20,00;0;15,99
34881;BUCHO CGBOI DOURADO;KG;25,00;0;15,99
37252;BUCHO CONGMATOSO;KG;22,00;0;15,99
30908;CARNEBOVINASECADESFIADA 6KGALFAMA00467;KG;6,00;0;61,48
36716;CARNE MOIDABOV 00838 9KG ALFAMA;KG;9,00;0;30,99
32427;CARNE MOIDAPATINHO 1307BOI FORTE 12KG;KG;12,00;0;21,49
27918;CARNE MOIDA1630702 TODA HORA 15KG;KG;15,00;0;29,99
37318;CONTRA C/NOIX B 2010230CONG FRIGOMARCA;KG;26,00;0;39,98
36470;CONTRAFILEPORCIONADO62285PULMINERVACG;KG;14,00;0;41,98
36439;CONTRA FILE S/NOIXCONG 1347 PUL/MINERVA;KG;13,00;0;41,98
27931;CORDAO DOFILE MIGNON BOA CARNE40029;KG;22,00;0;34,80
36203;CORDAODOFILEMIGNONCONGCRUZEIRODOSUL;KG;22,00;0;35,99
36943;COSTELA BOV C/OEM CUBOS50X50 ALFAMA 6KG;KG;6,00;0;35,99
28601;COSTELA BOVINA DESFIADA ALFAMA6KG 0461;KG;6,00;0;61,48
34802;COSTELA BOVINA DESFIADA COSTELATA 12185;KG;10,00;0;61,48
34186;COSTELA DE RIPA 2071GRANCARNES;KG;22,00;0;22,49
27002;COSTELA DE RIPA 41502 PLENA;KG;22,00;0;22,49
32029;COSTELA DE RIPA 58 MULT BEEF;KG;23,00;0;22,99
33330;COSTELA JANELA 20401 FRIGOBOM;KG;18,00;0;24,99
36031;COSTELAMINGAPRECGRIIL11753FRIGOBOM;KG;25,00;0;23,99
33328;COSTELA MINGA 10049 FRIGOBOM;KG;25,00;0;23,99
32030;COSTELA MINGA 2165 MULT BEEF / BLACK BEEF;KG;23,00;0;24,99
27003;COSTELARIPANOVACUOVRJPLENA60502;KG;28,00;0;24,99
33797;CUPIM A CONG FRIGORACA;KG;25,00;0;37,99
27671;CUPIM B BOA CARNECG 40039;KG;25,00;0;32,99
33752;CUPIM B PUL/MINERVACONG (7530 );KG;14,00;0;32,99
34120;CUPIM BOVINO DESFIADO CG6KG ALFAMA;KG;6,00;0;61,48
37393;CUPIMGRILL989CGCFRIGORACA;KG;24,20;0;41,90
32673;CUPIM NOVILHO PRECOCE CONG70024BOA CARNE;KG;25,00;0;41,99
36996;ENTRECOTE INTEIROCG 12626 ESTANCIA92;KG;11,50;0;63,98
36475;ENTRECOTEMATURADOCONGELADO12311ESTANCIA9;KG;11,50;0;63,98
31722;FIGADO BOVINO ASTRA0226;KG;20,00;0;11,80
36863;FIGADO BOVINO MINERVA;KG;25,00;0;11,80
37312;FIGADO CONGFRIGOMARCA;KG;25,00;0;11,80
37143;FILE MIGNON 4/5 S/C CONG FRIGORACA;KG;15,00;0;81,98
37363;FILEMIGNON4/5S/CPUL500000004CONG;KG;15,00;0;81,98
37384;FILE MIGNON 5UPS/CORDAOPUL PRO 3891CONGELADO;KG;12,00;0;81,98
36466;FRALDA4545 PULCONG MINERVA;KG;20,00;0;33,98
29275;FRALDINHADODIAFRAGMACONGBEAUVALLET;KG;20,00;0;29,98
32448;LAGARTORED3197 MULT BEEF;KG;25,00;0;45,60
31128;LOMBINHOBOVINOBEAUVALLET6013;KG;25,00;0;29,98
30812;LOMBINHOBOVINO5002 BOACARNE;KG;20,00;0;29,98
35310;MAMINHA DA ALCATRA CONG 356MINERVAPUL;KG;12,00;0;38,98
37273;MOCOTOINTEIROCRUZEIRODOSUL;KG;18,00;0;18,99
36786;MOCOTOINTEIRO 16401 RRX;KG;25,00;0;18,99
32359;MOCOTOINTEIRO 732 VALENCIO;KG;25,00;0;18,99
32411;MOCOTOSERRADO202090RKO;KG;11,50;0;15,99
36199;PATINHO ISCAS FRIGOSPOLCONG;KG;10,00;0;42,98
37284;PATINHO EM CUBOS CG 1532BOI FORTE;KG;18,00;0;39,99
34905;PATINHO EM CUBOS FRIGOSPOL;KG;10,00;0;42,98
36946;PATINHO EM CUBOS 20X20ALFAMA 6KG;KG;6,00;0;43,99
36945;PATINHO EM TIRAS 15X40MM ALFAMA 6KG;KG;6,00;0;43,99
34907;PATINHO MOÍDO IQF FRIGOSPOL;KG;10,00;0;43,99
36457;PICANHA A 50023 CONG BOA CARNE;KG;15,00;0;66,99
37428;PICANHAAM888CGANGUS1,7KGUP;KG;12,00;0;89,99
36472;PICANHA GRILL 12190 CONG ESTANCIA92;KG;11,50;0;98,98
30338;PICANHA GRILL 2609 DI PRIMA CONG;KG;12,00;0;84,99
36684;PICANHAGRILL30091VALENCIOCG;KG;15,00;0;81,99
37173;PICANHA 500001346 MINERVA;KG;21,00;0;54,99
28312;RABADABOVINA 5001BOA CARNE;KG;16,00;0;35,99
35029;RABADACG MINERVA PUL1014;KG;29,00;0;31,99
28929;RABADASERRADA CENTROESTE10KG 1698;KG;10,00;0;38,19
32412;RABADASERRADA202088RKO;KG;11,00;0;35,99
37294;ACEMCOMPESCOCOVALENCIOVCTO270726;KG;25,00;0;29,49
29508;ACEM VALENCIO 30008 RESF;KG;25,00;0;29,49
27828;ACEM 504 SAOFRANCISCO 002029;KG;25,50;0;29,49
28591;ALCATRAC/MAMINHABOACARNE40008;KG;23,00;0;35,98
35198;ALCATRA C/MAMINHA 114PUL VCTO 160726;KG;25,00;0;33,00
37309;ALCATRA COMPLETAGRILL1024 DO CHEF 6.8 KG UP;KG;23,00;0;44,78
37410;ALCATRA COMPLETAGRILL1450 DO CHEFF5.5KGUP;KG;20,00;0;44,78
26981;ALCATRA COMPLETAOURO BOACARNE 80002;KG;25,00;0;39,78
29467;BIFEANCHOGRILL30016VALENCIO;KG;26,00;0;47,98
28967;BIFE ANCHO 59879 PUL SELECTION;KG;15,20;0;44,99
36161;BIFE DE CHORIZO PUL SELECTION 1343RESF MINERVA;KG;14,00;0;46,98
37442;BOMBOMDOALCATRA98578RESFESTANCIA92;KG;25,00;0;52,99
27912;CAPA DE COXAO MOLE 1047 BEAUVALLET;KG;22,00;0;34,69
29429;CAPA DE FILETODA HORA PLENA 330101;KG;24,90;0;32,99
30093;CAPA DE FILE22037ASTRA;KG;24,00;0;33,99
29634;CAPA DE FILE4850/2044 RAMAX;KG;26,00;0;31,90
32899;CONTRAFILEC/NOIXVALENCIO30020;KG;28,00;0;38,48
37230;CONTRA FILE C/NOIX 0144 FRIGOMARCA;KG;25,00;0;38,48
37232;CONTRA FILE C/NOIX 0628 FRIGOMARCA;KG;25,00;0;38,48
26997;CONTRAFILEC/NOIX3R11224;KG;27,00;0;39,98
27642;CONTRA FILE S/ NOIX GRILL 80005 BOACARNE;KG;24,90;0;42,98
37310;CONTRA FILE S/ NOIX GRILL 8427 DO CHEF;KG;24,90;0;49,98
36570;CONTRA FILE S/N.G PREC. FRIGOBOM11406//11688;KG;28,00;0;46,99
37244;CONTRA FILE S/NOIXGRANCARNES;KG;24,90;0;42,98
33446;CONTRAFILE1050C/NOIXFRIBEVVCTO230726;KG;26,00;0;40,99
30273;COXAODURO RAMAX 0288/4500;KG;24,90;0;33,98
28480;COXAODURO 11218 3R;KG;26,00;0;34,99
35910;COXAODURO/LAGARTO/MUSCULO0338RESFMINERVA;KG;25,00;0;30,98
30275;COXAOMOLERESF RAMAX 50287/4400;KG;25,00;0;34,48
37459;COXAOMOLE83078RESF PUL MINERVA;KG;22,00;0;34,48
36736;FILE DE COSTELA RESFGRANCARNES;KG;25,00;0;44,98
27676;FILE DE COSTELA 40005 BOA CARNE;KG;25,00;0;44,98
33450;FILEMIGNON3/4S/C012042/0001091FRIBEV;KG;24,90;0;81,90
37336;FILE MIGNON 3/4 S/C 133310 PRECOCE FRIGOBOM;KG;25,00;0;81,99
35972;FILÉ MIGNON 4/5 S/C PUL SELECTION 500000024;KG;12,00;0;84,99
33452;FILEMIGNON4/5S/C1094FRIBEV;KG;20,00;0;85,99
30766;FILE MIGNON 5UPS/C PULPROMINERVA(4937);KG;12,00;0;85,99
34839;FILE MIGNON 5UPS/C 1208 FRIBEV;KG;19,07;0;85,99
29498;FILE MIGNON 5UPS/C 21283/30046 VALENCIO;KG;16,00;0;85,99
29117;FRALDA30060VALENCIO;KG;15,00;0;34,98
37094;FRALDAO92425MINERVARESFVCTO190726;KG;23,00;0;30,99
37355;FRALDINHA DO TRASEIROPLENA -180101;KG;16,00;0;35,99
29114;FRALDINHA DO TRASEIRO16460/30056 VALENCIO;KG;24,90;0;30,99
33456;LAGARTO1110FRIBEV;KG;25,00;0;33,98
29113;LAGARTO13789VALENCIO;KG;25,00;0;35,99
27091;LAGARTO40009BOA CARNE;KG;26,00;0;33,98
37390;MAMINHA ASTRA;KG;25,00;0;39,98
37311;MAMINHA DA ALCATRA GRILL 1027 DO CHEF VCTO 210726;KG;25,00;0;35,99
27094;MAMINHA2500MATABOIRESF;KG;26,00;0;39,98
33294;MIOLO ALCATRA (CORAÇÃO DA ALCATRA GRILL ) 2005 G;KG;25,00;0;37,98
34865;MIOLO DE ALCATRA MINERVA/PUL RESF 0101;KG;25,00;0;37,98
30107;MIOLODEALCATRAJR/3R;KG;28,00;0;37,98
37324;MIOLO DE ALCATRA 2004 GRANCARNES;KG;25,00;0;37,98
30808;MUSCULO DODIANTEIRORAMAX;KG;25,00;0;28,49
32843;MUSCULO DODIANTEIRORESF VALENCIO- 30074;KG;25,00;0;28,49
30040;MUSCULO DOTRASEIRO RAMAX;KG;25,00;0;29,48
37460;PALETA S/M83079RESF PUL MINERVA;KG;25,00;0;29,98
33458;PALETA S/MUSCULO 1151 FRIBEV;KG;25,00;0;29,98
27105;PATINHO BOA CARNE40034VCTO 200726;KG;26,00;0;36,99
33085;PATINHOCRUZEIRODOSUL-151213;KG;25,00;0;36,48
36635;PATINHO 1160/1460 FRIBEV;KG;20,00;0;36,48
37458;PATINHO 82965 RESFPUL MINERVA;KG;25,00;0;36,48
36274;PEITO BOVI1170FRIBEV;KG;25,00;0;29,48
33292;PICANHA A 2001 GRANCARNES;KG;25,00;0;63,98
28362;PICANHA A 40012 BOA CARNE;KG;15,00;0;59,99
37505;PICANHA B 1191 RESF FRIBEV;KG;22,00;0;49,99
28027;PICANHA FATIADA BOA CARNE 40023;KG;25,00;0;35,98
33093;PICANHAGRILLRESF1026 DOCHEFJBS;KG;25,00;0;79,98
37474;PICANHA GRILL 30092 VALENCIO;KG;20,00;0;69,99
29935;CORACAO DE FRANGO DIPLOMATA 12KG;KG;12,00;0;33,63
36503;COXAC/ SOBRECOXACONFINA18KG;KG;18,00;0;8,19
33672;COXAC/SOBRECOXAINDIV.SEARA15KG;KG;15,00;0;7,99
37462;COXAC/ SOBRECOXASADIA 15KG INTERFOLHADA;KG;15,00;0;7,99
36342;COXASOLTEIRA LEVO 20KG;KG;20,00;0;7,49
35752;COXASOLTEIRA VILLA 20 KG;KG;20,00;0;7,99
31113;COXINHA DA ASA LEVO PCT20KG (6430);KG;20,00;0;9,98
33654;COXINHADAASASEARA18KG;KG;18,00;0;9,98
32735;FILE DE COXA COM SOBRECOXA 20KG ABR (132241);KG;20,00;0;12,99
29785;FILE DE PEITO C/SASSAMIIND JUSSARA 20KG;KG;20,00;0;13,99
28811;FILEDEPEITOMEIOS/SIND.JAGUA20KG;KG;20,00;0;15,18
30575;FILE DE PEITO S/S IND.LEVO 20KGCG (2828);KG;20,00;0;15,18
28699;FRANGO A PASSARINHO FLAMBOIA 20KG (0092);KG;20,00;0;9,99
36720;FRANGO S/ MIUDOS TEMPAGOSTO 20 KG;KG;20,00;0;8,89
28733;FRANGO S/ MIUDOS 1.3 A 1.5 ITABOM -PESO;KG;18,00;0;12,99
35924;FRANGOS/MIUDOS1.7A1.9 VILLA;KG;19,80;0;13,99
37330;GALINHA 20 KG KORISCO;KG;20,00;0;6,76
37105;GALINHA KORISCO 20 KG;KG;20,00;0;6,69
28374;MEIODAASAITABOM20KG;KG;20,00;0;22,99
33646;MOELA DE FRANGO CG 18 KG SEARA;KG;18,00;0;13,64
30431;MOELA DE FRANGO ITABOM 18KG CG;KG;18,00;0;14,49
37216;MOELA DE FRANGO SOMAVE 20KG CG;KG;20,00;0;14,69
26961;PEITO C/OSSO ITABOM 20KG;KG;20,00;0;10,04
33270;PEITOC/OSSOCONGVILLA20KG;KG;20,00;0;10,69
37332;PEITO C/OSSO 20KGKORISCOCG;KG;20,00;0;9,49
32564;PEITO DE FRANGO DESFIADO 6KG ALFAMA 0443;KG;6,00;0;31,47
26962;SASSAMIINDIV.18KGDIPLOMATA(46399);KG;18,00;0;14,39
30825;SASSAMI PCTINDIV 20KGLEVO;KG;20,00;0;14,39
31834;SOBRECOXA IND LEVO 20KG CG;KG;20,00;0;9,98
26858;CHICKEN FRANGO 10210 X 1 BAITA 10KG;KG;10,00;0;14,98
37420;FILEZINHO DE FRANGO EMP 7KG SOMAVE;KG;7,00;0;34,99
28274;FILEZINHO EMPANADOLAR 6KG;KG;6,00;0;23,99
26942;FILEZINHOEMPANADO098-10X1KG10KGBAITA;KG;10,00;0;23,99
35546;STEAK DE FRANGO EMPANADOSEARA 7.2 KG;KG;7,20;0;15,98
37448;STEAK DE FRANGO REZENDE 7.2KG;KG;7,20;0;14,98
33942;STEAKDEFRANGO9X1BAITA595;KG;9,00;0;14,98
37342;ALHOEMDENTECG5X1,01KGMAROFOODS;KG;1,01;0;10,99
27561;ALHO EM DENTE CONG. TAJA 1.02KG;KG;1,02;0;16,99
37398;ALHO PICADO CG EASYCHEF 1,1 KG;KG;1,10;0;8,99
36827;ANEL DE CEBOLA CG 10X1,1 KG TAJA FOODS;KG;11,00;0;18,99
30243;ANEL DE CEBOLA EX.CROCANTE G.FOODS 10X1,05;KG;10,50;0;19,59
30791;ANELDECEBOLA6X1,05 6,3KGBEMBRASIL-04426;KG;6,30;0;15,99
32381;BROCOLIS CUBIS BUONOGEL12KG;KG;12,00;0;6,59
26870;BROCOLIS FLORETE BUONOGEL10KG;KG;10,00;0;8,99
37248;BROCOLISFLORETECG10KGBOMAPETITE;KG;10,00;0;9,19
27950;COUVE FLOR ARRICO 10KG(1174);KG;10,00;0;9,49
37067;COUVE FLOR FLORETE BUONOGEL 10KG CG;KG;10,00;0;8,99
31499;COUVE FLOR FLORETE CG 10KGNUTRIZ;KG;10,00;0;10,89
37334;ERVILHA CG 4X2,5KG NUTRIZ;KG;10,00;0;13,86
26873;ESPINAFREFOLHABUONOGEL4X2,5KG10KG;KG;10,00;0;13,89
26874;ESPINAFRE PICADO BUONOGEL 10KG;KG;10,00;0;11,79
26876;JARDINEIRA BUONOGEL 10KG;KG;10,00;0;10,69
34096;JARDINEIRA PANACHE NUTRIZ 10 KG;KG;10,00;0;10,69
32638;MANDIOCAESPECIALBUONOGEL 11KG;KG;11,00;0;13,19
30506;MANDIOCAPRE COZIDA BTM CONG12 KG (160924);KG;12,00;0;9,79
26368;MANDIOCATOLETEMATHEUS10KG;KG;10,00;0;16,50
26880;MILHO DOCE EM GRAOS 4 X 2,5KG BUONOGEL10KG;KG;10,00;0;11,79
26881;PANACHEBUONOGEL 12KG;KG;12,00;0;10,89
35639;POLENTAPALITOBEMBRASIL10,5KG;KG;10,50;0;6,99
28035;POLENTA PALITO MOMIL12KG (25);KG;12,00;0;6,99
26882;POLENTA PALITO PRONTINHA10KG (54010003);KG;10,00;0;10,49
35919;POLENTA PALITO TAJA 12X1.01KG 12 KG;KG;12,00;0;6,49
26884;POLENTA TOLETE PRONTINHA 12KG(54020001);KG;12,00;0;10,69
28393;QUIABOBUONOGEL10KG;KG;10,00;0;14,09
26883;SALADA RUSSA BUONOGEL 10KG;KG;10,00;0;11,09
26886;VAGEM CORTADABUONOGEL 10KG;KG;10,00;0;17,39
33191;CARRE DE CORDEIRO PATAGONIA;KG;16,00;0;63,48
35024;COSTELA DECORDEIROC/OSSOMONTECARLO;KG;20,00;0;32,48
33411;PALETA DE CORDEIRO PATAGONIA;KG;15,00;0;62,98
36141;PERNIL DE COORDEIRO C/OSSO FAT TEMPERADO FLAVO;KG;23,00;0;57,99
33699;PERNIL DE CORDEIRO CONGLA TRINDAD 601106/122007;KG;22,00;0;58,98
32338;PERNIL DE CORDEIRO C/OSSO MONTE CARLO;KG;22,00;0;58,98
37468;ALMONDEGA BOVCG 10X1KG CONDESSA;KG;10,00;0;16,99
27259;ALMONDEGABRASA9X1KG;KG;9,00;0;19,98
37099;HAMBUGUER COSTELA BOV 22X360G FRIGOBOM;KG;7,92;0;54,99
34943;HAMBURGUER ANGUS 16X200 GBRASA;KG;3,20;0;40,99
36955;HAMBURGUERBOVINO36X56GBOVGRIL;KG;2,02;0;16,98
36956;HAMBURGUER BOVINO 36X90GBOV GRILL;KG;3,24;0;22,98
36954;HAMBURGUER TRAD 36X90G BOVGRILL;KG;4,32;0;17,98
27260;HAMBURGUER 30 X 120GR PICANHABRASA;KG;3,60;0;19,98
27262;HAMBURGUER 36 X 56GR BRASA;KG;2,02;0;18,98
27263;HAMBURGUER36X90GBRASA;KG;3,24;0;18,98
37470;KIBE BOV CG 10 KG CONDESSA;KG;10,00;0;17,99
34110;KIBE BRASA 9X1KG;KG;9,00;0;20,49
29059;SALSICHAHOTDOG PERDIGAO20KG;KG;20,00;0;10,99
30166;SALSICHAHOTDOG SADIA 12KG;KG;12,00;0;10,99
27265;SALSICHAHOTDOG 6 X 3KG GUIBON 18KG (9110);KG;18,00;0;6,49
27267;SALSICHASEARA4X5KG20KG(572462);KG;20,00;0;8,99
26895;LINGUIÇA SUÍNACONGELADAAPIMENTADAGROSSACU;KG;10,00;0;23,48
29717;LINGUIÇAAPERITIVO FINA APIMENTADA CUENCA;KG;10,00;0;23,48
37192;LINGUIÇACALABRESA APIMENTADA 10KG CUENCA;KG;10,00;0;23,48
36817;LINGUICADEFRANGOGROSSA 15KGLAR;KG;15,00;0;13,48
37446;LINGUICADEFRANGO SEARA20KG;KG;20,00;0;14,78
37447;LINGUICADEPERNIL SEARA20KG;KG;20,00;0;16,98
26909;LINGUICANANICA1071 FRIELLA 10KG;KG;10,00;0;15,98
33342;LINGUIÇASUINACHURRASCO FRIELLA 20KG 1434;KG;20,00;0;12,98
28133;LINGUICASUINA(CHURRASCO)84220SEARA20KG;KG;20,00;0;17,48
29068;LINGUICASUINASADIA 3 X 5KG;KG;15,00;0;13,48
29070;LINGUICATOSCANA NA BRASA PERDIGAO 4 X5KG;KG;20,00;0;18,78
33351;LINGUICATOSCANAAURORA PCT5KGS;KG;5,00;0;22,98
26918;LINGUICATOSCANA AURORA25KG (6311);KG;25,00;0;20,98
26919;LINGUICATOSCANA SADIA15KG;KG;15,00;0;16,48
35513;LINGUICATOSCANA SEARA 5KG (CX 20KG);KG;20,00;0;17,98
26916;LINGUICATOSCANA 1072 FRIELLA;KG;10,00;0;13,98
27889;BATATA CANOA MCAAIN 6 X2,5KG 15KG (04001);KG;15,00;0;19,69
30634;BATATACRINKLEBEMBRASIL03748/04159 6X2KG12KG;KG;12,00;0;14,19
29135;BATATA CRINKLE MCCAIN 12,5KG;KG;12,50;0;13,90
34893;BATATA CRINKLE SIMPLOT6X2,27 13,62KG;KG;13,62;0;15,77
34891;BATATALATTICESIMPLOT6X2KG12KG(60000124);KG;12,00;0;5,99
33621;BATATA NOISETTES BEM BRASIL10X1.05KG;KG;10,50;0;9,19
30632;BATATA RUSTICA BEM BRASIL 03660 - 4158 - 6X2,5KG 15K;KG;15,00;0;14,64
35299;BATATA SIDEWINDERS FRIES SIMPLOT 6X1,5KG9KG (100;KG;9,00;0;17,49
26891;BATATA 10MM SIMPLOT EX CRUNCH15KG (10000246);KG;15,00;0;16,13
34556;BATATA10MMSIMPLOT6X2,5KG15KG0243;KG;15,00;0;14,00
32847;BATATA 7MMFAST FOOD MCCAIN - 18KG;KG;18,00;0;13,69
28399;BATATA 7MMSIMPLOT EXCRUNCH 6 X 2,5KG 15KG(10000;KG;15,00;0;16,69
32307;BATATA 7MMSIMPLOT 8X2,25KG 18KG;KG;18,00;0;14,44
37440;BATATA 9MM COOLMIND CRISTAL 12KG 6X2;KG;12,00;0;9,49
28875;BATATA 9MMBEMBRASIL MAIS BATATA (03661) 7X2 14KG;KG;14,00;0;10,99
26901;BATATA9MMMCCAINTRADICIONAL15KG(11109);KG;15,00;0;14,19
28868;BATATA 9MMONEFRY MCCAIN 15KG ( 002300);KG;15,00;0;10,79
36269;BATATA 9MMSKINON 5X2,5KGSIMPLOT;KG;12,50;0;12,89
26903;BATATA9MMSURECRISPMCCAIN15KG(007407);KG;15,00;0;15,69
30091;BATATA 9MMUAI BEM BRASIL (03693) 7X2 14KG;KG;14,00;0;9,29
32326;BATATA 9X18MM STEAKHOUSE 14KG7X2SIMPLOT;KG;14,00;0;15,99
37185;CACAO AZULEM POSTA GRAVITA15KG;KG;15,00;0;32,49
33776;CACAOLOMBOS/PELESHUENN20KG;KG;20,00;0;31,69
37338;CACAO POSTA IQF15KG BLUESEA;KG;15,00;0;29,99
34889;CACAO POSTA S/PELEIQF 10KG SHUENN;KG;10,00;0;32,49
36154;CACAOPOSTA15KGELPESC;KG;15,00;0;29,99
28417;CAMARAO 7 BARBAS DESCASCADO 16KG;KG;16,00;0;30,99
27285;FILE DE MERLUZAINT PLANALTO21KG;KG;21,00;0;24,99
37406;FILE DE MERLUZAINT 10KG MIGUELDEAZCUENAGA;KG;10,00;0;24,99
37350;FILE DE MERLUZAPUL 46469 3X6 18KG;KG;18,00;0;23,98
37345;FILEDEMERLUZAOPUL805053X7KG21KG;KG;21,00;0;25,48
37352;FILE DE PANGAPREMIUM PUL 57118 2X5 10KG;KG;10,00;0;23,06
33083;FILE DE POLACA IQFHUNCHUN 10KG;KG;10,00;0;23,39
29454;FILEDESALMAOCOHOPREMIUMA1.5/2.0 (CHILE)COST;KG;13,00;0;77,99
29452;FILE DE SALMAOC/PELE COHO PREMIUM 2.0 UP COSTIER;KG;12,00;0;78,29
37302;FILE DE SALMAOC/PELE 1500 UP 15 KG AYSEN COHO;KG;15,00;0;68,99
37306;FILE DE SALMAOC/PELE 2000UP 16 KG AYSENCOHO;KG;16,00;0;68,99
37292;FILE DE SALMAO1.0A1.5CHILENO;KG;13,00;0;68,99
37371;FILEDETILAPIAS/PHOANGLONGSEAFOOD;KG;10,00;0;37,99
37091;FILE DE TILAPIAS/PELE CG 10 KG GODACO;KG;10,00;0;38,49
28167;KANI KAMA PLANALTO 10KG;KG;10,00;0;22,49
30646;POLACADESF SALG BACALHAU JETFISH 10KG;KG;10,00;0;36,58
36661;POLACADESF SALGTP BACALHAU2X5TAIHONGGROUP;KG;10,00;0;38,49
27115;BARRIGA SUINA FRIELLA C/PELE CG;KG;21,00;0;19,98
35185;BARRIGA SUINA LAR;KG;20,00;0;18,99
30034;BARRIGASUINARAINHA5308/1811;KG;20,00;0;17,98
29380;BARRIGA SUINA 625701 SEARA;KG;20,00;0;20,48
36922;BISTECASUINA CONG C/OSSO FRIVATTI;KG;11,00;0;14,98
26364;BISTECASUINAFRIELLA5KG;KG;5,00;0;14,98
37422;CARRE C/OSSO S/PELE LAR;KG;22,00;0;11,99
30861;CARRE SUINO 996845 SEARA;KG;22,00;0;12,69
37503;COPA LOMBO C/OSSO 1008 FRIELLA;KG;20,00;0;12,39
28338;COPA LOMBO (SOBREPALETA) CATABY 14KG;KG;14,00;0;16,79
29846;COPALOMBOSOBREPALETAESTRELA;KG;22,00;0;15,98
27126;COPA LOMBO (SOBREPALETA) S/O FRIELLA;KG;20,00;0;16,99
29382;COPA LOMBO 18 KG (SOBREPALETA) SEARA 1570;KG;18,00;0;15,98
28835;COSTELINHASUINAGRILLSERRADA PALMALI18KG;KG;18,00;0;20,99
35776;COSTELINHASUINAINTEIRALAR;KG;20,00;0;16,66
29594;COSTELINHASUINAINTEIRAPLUS 5128 RAINHA;KG;20,00;0;18,98
27136;FILEZINHO SUINO RAINHA 5142;KG;20,00;0;17,98
30516;FILEZINHO SUINO SEARA18KG;KG;18,00;0;19,22
27137;LOMBOSUINOADEEL;KG;20,00;0;17,69
30783;LOMBO SUINOPORCIONADOSEARA 20KG 999362;KG;20,00;0;19,22
28186;LOMBO SUINOSEALI;KG;20,00;0;16,59
29393;PALETASUINASOSSOESTRELA;KG;28,00;0;12,48
26365;PALETA SUINA S/OSSO S/PELE FRIELLA 1014;KG;25,00;0;12,48
36867;PERNIL C/OSSO C/PELE GRAN CORTE;KG;20,00;0;14,26
27221;PERNIL C/OSSO C/PELEFRIELLA PESO;KG;20,00;0;10,58
28958;PERNIL C/OSSO C/PELERAINHA;KG;20,00;0;12,99
33199;PERNILS/OSSOS/PELEFRINNI;KG;20,00;0;13,57
29143;PERNIL SUINO DESFIADO ALFAMA 6KG (00447);KG;6,00;0;34,99
36089;PERNIL SUINO S OSSO LAR;KG;20,00;0;12,99
29662;PICANHASUINATEMPERADAFRIELLA;KG;13,00;0;24,80
37491;SALGADO LOMBO 15KGSAUDALLI;KG;15,00;0;23,99
28358;TOUCINHOLOMBAR C/PELE FRIELLA 1011;KG;18,00;0;15,89
28942;TOUCINHOS EMPEDACOS FRIVATTI 4549;KG;12,00;0;18,10
37261;TOUCINHOS LOMBAR EM TIRAS CUENCA;KG;10,00;0;15,89
27147;QUEIJO MUSSARELA - FATIADO ROHDEN;KG;1,00;0;44,08
32223;QUEIJOMUSSARELA-FATIADO4KGCOYOTE;KG;4,00;0;42,98
33839;QUEIJO MUSSARELA ALTODO VALE 4KG;KG;4,00;0;37,70
27148;QUEIJO MUSSARELA APOLLO;KG;4,20;0;38,48
30199;QUEIJOMUSSARELABONISSIMO4KG;KG;4,00;0;39,49
37249;QUEIJO MUSSARELA CEREJINHA PEZZOLINI 360GR;UN;0,36;0;21,69
28763;QUEIJO MUSSARELA CLASSICA;KG;4,20;0;37,70
27149;QUEIJO MUSSARELA COYOTE4KG;KG;4,00;0;39,27
34783;QUEIJO MUSSARELA DA VACA4KG;KG;4,00;0;42,92
29975;QUEIJOMUSSARELADIFRATELLI4KG;KG;4,00;0;37,70
31764;QUEIJO MUSSARELA GRAN FILATA 4KG;KG;4,20;0;37,70
35940;QUEIJO MUSSARELA JUQUEI;KG;4,20;0;38,17
36930;QUEIJOMUSSARELALAPAULINA3,5KG;KG;3,50;0;41,18
34097;QUEIJO MUSSARELA LATELLI 4KG;KG;4,00;0;38,32
27840;QUEIJO MUSSARELA LITORAL4KG;KG;4,20;0;37,70
33580;QUEIJO MUSSARELA MANDAKA5KG;KG;4,70;0;36,49
27151;QUEIJO MUSSARELA MONTE CASTELO 4KG;KG;4,00;0;40,29
33904;QUEIJOMUSSARELAPRALADO5MMRJR;UN;1,00;0;34,99
37479;QUEIJO MUSSARELA POLENGHI 4 KG;KG;4,00;0;41,98
33837;QUEIJO MUSSARELA SANTA MARIA4KG;KG;4,00;0;37,70
28008;QUEIJOMUSSARELASCALA4KG;KG;4,00;0;44,08
33585;QUEIJO MUSSARELA SUDOESTE 4KG;KG;4,00;0;37,70
27156;QUEIJO MUSSARELA TIROLEZ;KG;4,00;0;41,99
36565;QUEIJO PRATOCRISTAL 3 KG;KG;3,00;0;499,00
27232;QUEIJO PRATOMONTECASTELO3KG;KG;3,10;0;42,92
28632;QUEIJOPRATONATVILLE;KG;3,60;0;38,24
33161;QUEIJO PRATOPC3KG ITALAC;KG;3,10;0;41,59
29961;QUEIJO PRATOQUATA 3KG;KG;3,00;0;41,29
28039;QUEIJOPRATOTIROLEZ3,6KG;KG;3,60;0;41,39
36908;QUEIJO TIPO MUSSARELA FATIADOSCHREIBER 2,27KG;KG;2,27;0;34,99
27076;APRESUNTADO AURORA PC 3,7KG;KG;3,70;0;20,49
31840;APRESUNTADO COZ RETANGULAR REZENDE;KG;3,50;0;18,49
30350;APRESUNTADO LANCHEFRIELLA PC 3,5KG;KG;3,70;0;11,99
34678;APRESUNTADOPEPERI520/2121NOBREPC;KG;3,70;0;17,49
31859;APRESUNTADO PERDIGAO 3,5KG;KG;3,50;0;20,12
27079;APRESUNTADO SEARA;KG;3,40;0;20,99
37386;APRESUNTADO1058RETFRIELLA;KG;3,70;0;13,99
29063;MORTADELA DEFUMADA OUROPERDIGAO;KG;4,00;0;18,29
36819;MORTADELA DEFUMADA SEARAGOURMET;KG;4,00;0;16,79
37362;PEITO DE PERU DEFUMADOPECA SEARA;KG;2,60;0;54,99
28420;PEITO DE PERU PECA REZENDESEARA;KG;2,60;0;49,59
27140;PRESUNTOCOZMAGROAURORA;KG;3,50;0;26,49
31838;PRESUNTOCOZMAGRO REZENDE OVAL;KG;3,50;0;22,39
36968;PRESUNTOCOZRET FRIELLA;KG;3,80;0;18,99
32340;PRESUNTOCOZRETANGULAR SEARA;KG;3,50;0;22,98
27127;MANTEIGACOMUMS/SALBLOCOCOYOTE;CX;5,00;0;152,99
28119;MANTEIGA COMUM S/SAL BLOCO NOVA SAFRA;CX;5,00;0;157,36
27130;MANTEIGA COMUM S/SAL BLOCO SCALA;CX;5,00;0;164,99
28194;MANTEIGA EXTRA S/SAL IPANEMA 5KG;UN;5,00;0;169,59
35472;MANTEIGA EXTRA S/SAL QUATRELATI 5KG;UN;5,00;0;155,99
33920;MARGARINA VEGCREMOSAC/SALDORIANA12X1KG;CX;12,00;0;147,89
30164;MARGARINA VEG.CREMOSA C/SAL QUALY 6X1 KG;CX;6,00;0;84,62
29212;MARGARINA CREMOSA C/SAL DORIANA 12X 500GR;CX;6,00;0;82,59
29061;MARGARINACREMOSAC/SALQUALY12X500GR;CX;6,00;0;97,60
28196;MARGARINA UGS/SAL 80% 1.01KGAMELIA;BD;1,01;0;16,51
27964;CREAM CHEESE DANUBIO BLISTER 144X 18G;UN;2,59;0;145,67
27132;MANTEIGA EXTRA C/ S VIGOR192X10GR;UN;1,00;0;115,55
32207;MANTEIGA EXTRA S/ S VIGOR 192X10GR;UN;1,00;0;115,55
33874;MARGARINA C/SAL SACHE144 X10GR BOMSABOR;CX;1,92;0;55,09
33849;MARGARINAS/SALSACHE144X10GRBOMSABOR;CX;1,92;0;55,09
36339;REQUEIJAOCREMOSOVIGOR 144X18G;UN;2,59;0;155,78
27116;CREAM CHEESEBD3,6KG SCALA;UN;3,60;0;116,79
29417;CREAM CHEESE1,0KG DANUBIO;UN;1,00;0;32,99
36602;CREAM CHEESE1,02KG SCALON;UN;1,02;0;29,89
27667;CREAMCHEESE1,2KGCATUPIRY;UN;1,20;0;41,99
27361;REQUEIJAOCREMOSODANUBIOBISNAGA1,01KG;UN;1,00;0;34,99
27359;REQUEIJAOCREMOSO1,5KG CATUPIRY;UN;1,50;0;55,98
34950;REQUEIJAOCREMOSO1,5KG IPANEMA;UN;1,50;0;38,99
31695;REQUEIJAOCREMOSO1,5KGQUATA;UN;1,50;0;38,99
31925;REQUEIJAOCREMOSO1,5KG TIROLEZ;UN;1,50;0;44,99
27244;REQUEIJAO1,5KGCREMOSOSCALA BISNAGA;UN;1,50;0;44,99
27247;REQUEIJAO1,5KGCREMOSOSCALON;UN;1,50;0;42,99
27249;REQUEIJAO1,8KGC/ AMIDOTOP MILKBISNAGA;UN;1,80;0;12,61
27256;REQUEIJAO1,8KGC/AMIDOVALEPARDOBISNAGA;UN;1,80;0;10,35
27146;QUEIJOMONTANHESSCALA;KG;6,45;0;72,19
37477;QUEIJO PARMESÃO CONAPROLE7KG 6 MESES MATURAÇ;KG;7,00;0;49,99
30987;QUEIJO PARMESAO SCALA6KG 6 MESES MATURACAO;KG;6,00;0;73,37
35053;QUEIJOPARMESAO/TROPICAL PÇ SAFIRA;KG;6,00;0;41,88
27157;QUEIJO PARMESAO/TROPICAL PECA NOVASAFRA;KG;6,00;0;43,99
31967;QUEIJO PARMESAO 1/4 SCALA1,35KG;KG;1,40;0;74,99
33320;QUEIJO PARMESAO 6 MESES MATURACAO PECA IPANEM;KG;5,60;0;62,99
31689;QUEIJO PARMESAO 6 MESES MATURACAO PECA QUATA;KG;5,60;0;72,85
32046;QUEIJORALADOPARM.GROSSON.SAFRA;UN;1,00;0;36,99
27240;QUEIJO RALADOPARM. GROSSO5MM RJR;UN;1,00;0;33,99
27237;QUEIJO RALADOPARM. MEDIO N. SAFRA;UN;1,00;0;36,99
27242;QUEIJORALADOPARM.MEDIO3MMRJR;UN;1,00;0;33,99
30985;QUEIJO RALADOPARMESAO 500 GRPCT SCALA;UN;0,50;0;37,29
32782;CHEDDAR BISNAGA1,010KG CATUPIRY;UN;1,01;0;46,99
36108;CHEDDAR BISNAGA1,02 KG SCALON;UN;1,02;0;32,99
32752;CHEDDAR BISNAGA1,5KGSCHEIREBER;UN;1,50;0;33,99
29233;CHEDDAR BISNAGA1,5KGVIGOR;UN;1,50;0;52,99
31961;CHEDDARBISNAGA1,5KGSCALA;UN;1,00;0;54,99
29580;CHEDDAR C/AMIDO 1,2KG TOPCHEDDAR BISNAGA;UN;1,00;0;10,79
28603;CHEDDAR FATIADO2,240 KG VIGOR;UN;2,24;0;95,99
32754;CHEDDAR FATIADO2,270 KG SCHEIREBER;UN;2,27;0;82,32
31687;QUEIJO GORGONZOLAQUATA 3KG;KG;3,00;0;59,07
36682;QUEIJOMATURADOC/MOFOAZULPC3KGSCALA;KG;3,00;0;77,39
36680;QUEIJO MINAS MEIACURAPC1KGSCALA;UN;1,00;0;62,59
35993;QUEIJO PROVOLONE CRISTAL 5KG;KG;5,00;0;42,99
31681;QUEIJOPROVOLONEQUATA5KG;KG;5,00;0;46,95
31971;QUEIJO PROVOLONE SCALA5KG;KG;5,00;0;64,99
31700;CREME DE LEITE FRESCOPASTEU. QUATA 1,01L;UN;1,01;0;32,49
28726;QUEIJO COALHO ESPETO IPANEMA;KG;7,20;0;56,99
33688;QUEIJO COALHO ESPETO 1058 20X300GR QUATA;KG;6,00;0;65,99
27144;QUEIJO COALHO PECA IPANEMA;KG;1,00;0;46,99
36582;QUEIJOCOALHOPECASCALA;KG;2,00;0;62,59
31683;QUEIJO COALHO PECA 7KG QUATA;KG;7,00;0;60,92
26822;AMORA FRUTA 1.02KG RICAELI;KG;1,02;0;24,99
28343;MORANGOFRUTA 1,02KG RICAELLI;KG;1,02;0;18,99
36537;MORANGOFRUTA1,02KGNEWBERRY;KG;1,02;0;11,99
26828;POLPAABACAXI C/ HORTELA 1KG RICAELLI;KG;1,00;0;24,49
26826;POLPAABACAXI 1KG RICAELLI;KG;1,00;0;22,49
26833;POLPAACEROLA C/ LARANJA 1KG RICAELI;KG;1,00;0;23,20
26832;POLPAACEROLA 1KGRICAELI;KG;1,00;0;18,29
26836;POLPACAJA1KGRICAELI;KG;1,00;0;23,80
26837;POLPACAJU 1KG RICAELI;KG;1,00;0;20,49
26821;POLPACUPUACU RICAELLI;KG;1,00;0;26,99
26825;POLPAFRUTASVERMELHASRICAELI1KG;KG;1,00;0;26,99
26827;POLPAGOIABA 1KG RICAELI;KG;1,00;0;19,49
26829;POLPAGRAVIOLA RICAELI 1KG;KG;1,00;0;28,40
28391;POLPALARANJA 1KG RICAELI;KG;1,00;0;28,49
26831;POLPAMANGA1KG RICAELI;KG;1,00;0;19,49
26834;POLPAMARACUJA1KGRICAELI;KG;1,00;0;29,80
26838;POLPAMORANGO 1KGRICAELI;KG;1,00;0;19,99
26840;POLPAPESSEGO1KG RICAELI;KG;1,00;0;21,99
26842;POLPAUVA 1KG RICAELI;KG;1,00;0;21,79
34543;ARROZ ARBORIO 1KG DON RAVELLO;UN;1,00;0;22,99
32608;ARROZRIS.CULIN.ITALIANACAMIL5X2KG;FD;10,00;0;169,91
27672;FEIJAOBRANCO 1KG PQ;UN;1,00;0;20,35
30611;FEIJAOCARIOCAFOODSERVICE 5X2KGCAMIL 10KG;FD;10,00;0;111,99
26366;FEIJAOCARIOCANAMORADO10X1KG10KG;FD;10,00;0;100,99
33668;FEIJAOFRADINHOCAMIL 05X210KG;FD;10,00;0;89,99
30917;FEIJAOPRETO F.SERV. 5X2 CAMIL 10KG;FD;10,00;0;83,12
29426;FEIJAOPRETO NAMORADO 10 X 1 10KG;FD;10,00;0;86,19
26526;GRAO DE BICO 1KGPQ;UN;1,00;0;12,73
26701;LENTILHA1KGPQ;UN;1,00;0;21,99
37438;MACARRAOESPAGUETEN8OVOS30X500GCAMIL;UN;0,50;0;3,09
37436;MACARRAO PARAFUSO OVOS 20X500G CAMIL;FD;0,50;0;3,09
37434;MACARRAO PENNEOVOS 20X500GCAMIL;UN;0,50;0;3,09
34517;MASSAFARFALLERIGATELAMOLISANA500GR;UN;0,50;0;10,99
34521;MASSA LINGUINE LA MOLISANA500GR;UN;0,50;0;10,99
34511;MASSA RIGATONI LA MOLISANA500GR;UN;0,50;0;10,99
35072;MASSA SPAGHETTII LA MOLISANA500GR;UN;0,50;0;10,99
34515;MASSA TAGLIATELE NINHO LAMOLISANA 500GR;UN;0,50;0;14,59
32395;ACUCAR CRISTALCUCAR UNIAO10KG;FD;10,00;0;34,99
26335;ACUCAREXTRAFINO10X1KGUNIAO;FD;10,00;0;37,99
26803;ACUCAR REFINADO DA BARRA 10KG;FD;10,00;0;38,99
30459;ACUCAR REFINADO 10X1KG ALTO ALEGRE;FD;10,00;0;35,99
26585;ADOCANTESUCRALOSESACHE400X6GUNIAO;CX;2,40;0;29,49
26818;BICARBONATODESODIO 1KGPQ;UN;1,00;0;9,49
36739;SAL GROSSO10X1 MASTER;FD;10,00;0;21,99
37400;SAL SACHE 2000X 8G PETTIT;CX;1,60;0;19,99
35058;ALCAPARRA YGUARA 2KG;BD;2,00;0;86,25
34965;ATUM COQUEIROEM PEDACOS 480GRS;UN;1,00;0;29,99
34963;ATUM COQUEIRORALADO EM OLEO 480G;UN;1,00;0;22,20
35125;ATUM GOMES DA COSTA EM PEDACOS POUCH 1KG;UN;1,00;0;65,25
35115;ATUMGOMESDACOSTAEMPEDACOSPOUCH500GRS;UN;0,50;0;32,99
35117;ATUM GOMES DA COSTA RALADO POUCH 500GRS;UN;0,50;0;22,99
35129;ATUM GOMES DA COSTA SOLIDO 24X170GRS;CX;4,08;0;273,42
32014;AZEITONAPRETAFATIADASRCUCAPORTOBELLO2KG;BD;2,00;0;90,76
33131;AZEITONAPRETA INT 20/24PORTO BELLO2KG;BD;2,00;0;76,66
34294;AZEITONAPRETA SEM CAROCO PORTOBELLO2KG;BD;2,00;0;102,79
33686;AZEITONAVERDE GORDAL PORTOBELLO2KG;BD;2,00;0;68,03
33138;AZEITONAVERDE INT 16/20 SR CUCA PORTOBELLO 2KG;BD;2,00;0;56,55
33135;AZEITONAVERDEINT20/24PORTOBELLO2KG;BD;2,00;0;55,70
28921;AZEITONAVERDE S/CAROCO PORTOBELLO 2KG;BD;2,00;0;70,18
32021;AZEITONAVERDE S/CAROCO SR CUCA PORTOBELLO 2KG;BD;2,00;0;62,17
26852;CEBOLINHACRISTAL2KGPORTOBELLO;BD;2,00;0;57,27
34530;CHICHARRORALADO EM OLEO COMESTIVEL 410G;UN;1,00;0;15,60
26380;COGUMELO FATIADO SR CUCA PORTOBELLO2KG;BD;2,00;0;55,53
29487;ERVILHA LATA 1,7KG QUERO;UN;1,70;0;16,49
28302;MILHO LATA 1,7KG QUERO;UN;1,70;0;19,99
37251;MILHOLATA24X170GRSQUERO;CX;4,08;0;88,36
37365;PALMITO INTEIRO ITARIRI 1,8KG;UN;1,80;0;76,19
26742;PALMITO INTEIRO NEOFOODS 1,8KG;UN;1,80;0;78,00
27163;PALMITOINTEIROOURODOVALE1,8KG;UN;1,80;0;78,79
37367;PALMITO PICADO ITARIRI1,8KG;UN;1,80;0;40,69
27166;PALMITO PICADO OURO DOVALE 1,8KG;UN;1,80;0;40,09
37369;PALMITO RODELAITARIRI 1,8KG;UN;1,80;0;44,39
27168;PALMITO RODELAOURO DO VALE 1,8KG PUPUNHA;UN;1,80;0;46,99
29197;PEPININHOPORTOBELLO2KG;UN;2,00;0;38,78
27763;PICLES PORTOBELLO2KG;UN;2,00;0;32,99
34853;PICLES YGUARA 2KG;UN;2,00;0;29,19
28280;PIMENTABIQUINHOPORTOBELLO2KG;BD;2,00;0;51,84
34855;PIMENTA BIQUINHOYGUARA 2KG;BD;2,00;0;46,13
26788;TOMATE SECO1.4KG PORTOBELLO;UN;1,40;0;50,63
34857;TOMATE SECO1.4KG YGUARA;UN;1,40;0;26,99
26478;GORDURA CAIXAFRY 600 24KG COAMOZT;CX;24,00;0;299,99
26516;GORDURA VEGETAL ZT COAMO FRY 400 14,5 KG;BD;14,50;0;165,99
26731;OLEO ALGODAOELOGIATA BD 14,5KG;BD;14,50;0;187,99
36028;OLEOALGODAOELOGIATAGL5,1L;BD;5,10;0;55,99
26547;OLEO DE ALGODAOLIZA BD 14,5KG;UN;14,50;0;189,99
36774;OLEO DE CANOLALIZA 0,900ML;UN;0,90;0;14,49
36776;OLEODEGIRASSOL LIZA0,900ML;UN;0,90;0;13,99
32226;OLEO DE SOJA BREJEIRO18LT;CX;18,00;0;176,69
26565;OLEO DE SOJA COAMO20 X 0,900ML;CX;18,00;0;152,99
37402;OLEO DE SOJA FRY 300COAMO 14,5KG;CX;14,50;0;134,99
26609;AZEITE DE OLIVAEXTRA VIRGEMGALLO LATA 200ML;UN;0,20;0;13,19
26812;AZEITEDEOLIVA EXTRA VIRGEM BORGES 500ML;UN;0,50;0;24,99
28124;AZEITEDEOLIVAEXTRAVIRGEMGALLORESERVA500ML;UN;0,50;0;35,49
30233;AZEITEDEOLIVA EXTRA VIRGEM LATA 500ML GALLO;UN;0,50;0;27,49
35312;AZEITEDEOLIVA EXTRA VIRGEM 2LTSBORGES;UN;2,00;0;87,99
26597;AZEITEDEOLIVAEXTRAVIRGEM2LTSGALLO;UN;2,00;0;108,49
36453;AZEITEDEOLIVA EXTRA VIRGEM 5LTSESPANHOL DON R;UN;5,00;0;229,99
27566;AZEITEDEOLIVA EXTRA VIRGEM 5LTSFILIPPO;UN;5,00;0;274,99
30176;AZEITEDEOLIVA EXTRA VIRGEM 5LTSGALLO;UN;5,00;0;255,59
29512;AZEITEDEOLIVA EXTRA VIRGEM 500ML CASTELO;UN;0,50;0;39,49
26595;AZEITEDEOLIVAEXTRAVIRGEM500MLGALLO;UN;0,50;0;27,49
32610;AZEITEDEOLIVA TIPO UNICO GALAO 2LTSGALLO;UN;2,00;0;92,79
26813;AZEITEDEOLIVA TIPO UNICO LATA 500MLGALLO;UN;0,50;0;25,99
28354;AZEITEDEOLIVATIPOUNICO250MLGALLO;UN;0,25;0;13,49
26343;AZEITEDEOLIVA TIPO UNICO 500ML GALLO;UN;0,50;0;23,49
26524;AZEITEDENDE 900ML CEPERA;UN;0,90;0;28,29
32598;AZEITEEX VIRGEM FILIPPO BERIO 500ML;UN;0,50;0;25,99
34261;AZEITEEXTRA VIRGEMSABOR MANJERICAO250ML GALL;UN;0,50;0;32,99
37485;AZEITESACHE200X4MLISIS;CX;0,80;0;63,99
26734;OLEO COMPOSTO 5LT VISEU;GL;5,00;0;58,74
29733;OLEO COMPOSTO 500ML MARIATRAD;UN;0,50;0;13,99
34265;OLEODEOLIVATRADICIONAL500MLGALLO;UN;0,50;0;21,10
26581;ACAFRAO1KG PQ;UN;1,00;0;11,49
32026;ALHO TRITURADO 1.02KGPORTOBELLO;BD;1,02;0;13,69
26589;ALHO TRITURADO 3KGPORTOBELLO;BD;3,00;0;37,90
26452;AMACIANTEDECARNEPCTQUALIMAX1KG;UN;1,01;0;18,99
26369;AMACIANTE DE CARNEPCT TECNURTI 1KG;UN;1,01;0;8,59
37361;BATATA PALHA BOA 400G;PT;0,40;0;9,29
27605;CALDODECARNEPCT1KGQUALIMAX;UN;1,01;0;12,85
26481;CALDO DE CARNE PCT1,01KG KNORR;UN;1,01;0;18,89
26427;CALDO DE CARNE PCT1,01KG TECNUTRI;UN;1,01;0;7,49
26370;CALDO DE GALINHA PCT1KG QUALIMAX;UN;1,01;0;12,85
26392;CALDO DE GALINHA PCT1,01KG KNORR;UN;1,01;0;18,89
26571;CALDODEGALINHAPCT1,01KGTECNUTRI;UN;1,01;0;7,59
26848;CALDO DE GALINHA PCT1,1KG SAZON;UN;1,10;0;19,99
32622;CALDO DE LEGUMESPCT TECNUTRI 1KG;UN;1,01;0;9,09
30146;CALDODELEGUMESPCT1KGQUALIMAX;UN;1,01;0;12,99
26851;CALDO DEL MAR PCT 1KGKNORR;UN;1,00;0;19,19
32623;CANELAEM PO 1KGPQ;UN;1,00;0;18,89
32862;CHIMICHURRIARGENTINO 500GR PQ;UN;0,50;0;24,25
26861;COLORAU 1KG KISABOR;UN;1,00;0;9,82
31324;COLORAU1KGPQ;UN;1,00;0;8,19
28298;CREME DE CEBOLA1KG QUALIMAX;UN;1,00;0;31,66
26572;CREME DE CEBOLA1,01KG TECNUTRI;UN;1,01;0;16,29
26391;LIMAOEMPO800GRKNORR;UN;0,80;0;47,29
32401;MEUTEMPERO CEBOLA E ALHO PCT 1,01KG KNNOR;UN;1,01;0;34,24
34998;MILANESA PANKO TEMPERADA TECNUTRI;UN;0,80;0;15,15
32799;MISTURA PARA MILANESA TECNUTRI;UN;0,80;0;11,19
36710;MOLHOALHO CREMTRAD 215ML MENDEZ;UN;0,21;0;9,49
36712;MOLHOALHODEFTRAD215MLMENDEZ;UN;0,21;0;9,49
36802;MOLHOBARBECUEBOM SABOR BAG 1,1KG;UN;1,10;0;16,10
26718;MOLHOBARBECUELIZA 1,02KG;UN;1,02;0;9,99
28341;MOLHOBARBECUE3,5KGCEPERA;UN;3,50;0;36,78
26717;MOLHOBARBECUE1,01KG CEPERA;UN;1,10;0;14,56
29210;MOLHODEALHO 1,01KG CEPERA;UN;1,01;0;13,99
36694;MOLHODEPIMENTA CREMDEFUMADO CHIPOMENDEZ 8;UN;0,08;0;11,29
36696;MOLHODEPIMENTA CREMOSO TRAD MENDEZ 215 ML;UN;0,21;0;14,89
29213;MOLHODEPIMENTA VERMELHA1,01KG CEPERA;UN;1,01;0;10,39
32213;MOLHODEPIMENTA VERMELHA150ML CEPERA;UN;0,15;0;4,39
35252;MOLHODEPIMENTA VERMELHA154X5G CEPERA;UN;0,88;0;20,55
28587;MOLHOINGLES1,01KGCEPERA;UN;1,00;0;7,99
37089;MOLHOMADEIRA1,1KGQUALIMAX;UN;1,10;0;54,59
26722;MOLHOP/ SALADA CAESAR 234MLLIZA;UN;0,23;0;8,45
29549;MOLHOP/SALADACAESAR236MLCASTELO;UN;0,23;0;7,60
26397;MOLHOP/ SALADA CASEIRO240ML KISABOR;UN;0,24;0;6,19
26723;MOLHOP/ SALADA LIMAO 234MLLIZA;UN;0,23;0;8,19
29547;MOLHOP/ SALADA MOSTARDA C/MEL236ML CASTELO;UN;0,24;0;7,55
29543;MOLHOP/ SALADA PARMESAO 236MLCASTELO;UN;0,24;0;8,10
26399;MOLHOP/SALADAPARMESAO240MLKISABOR;UN;0,24;0;6,19
28236;MOLHOP/ SALADA QUEIJOS 234ML LIZA;UN;0,23;0;8,29
32929;MOLHOPESTO CLASSICO FILIPPO BERIO 6X190;CX;2,00;0;25,99
36702;MOLHOPIMENTACREMDEFCHIPOMENDEZ490ML;UN;0,49;0;26,29
36698;MOLHOPIMENTA CREMDEF CHIPOTLE MENDEZ215 ML;UN;0,21;0;14,89
36700;MOLHOPIMENTA CREMTRAD MENDEZ 490ML;UN;0,49;0;26,29
36692;MOLHOPIMENTA CREMOSO TRAD 80ML 12X1MENDEZ;UN;0,80;0;11,29
36704;MOLHOPIMENTA HABANEIRO TRAD60ML MENDEZ;UN;0,06;0;9,29
36674;MOLHOPIMENTAJALAPENO12X50MLGALLO;UN;0,05;0;12,69
36708;MOLHOPIMENTA RED PEPPER TRAD 80ML MENDEZ;UN;0,08;0;9,69
36706;MOLHOPIMENTA REF PEPPER TRAD 215 MLMENDEZ;UN;0,21;0;11,59
29535;MOLHOP/SALADABALSAMICO236MLCASTELO;UN;0,24;0;7,49
29537;MOLHOP/SALADACASEIRO 236ML CASTELO;UN;0,24;0;7,48
33311;MOLHOP/SALADAERVAS FINAS236ML CASTELO;UN;0,24;0;7,55
29533;MOLHOP/SALADAITALIANO 236ML CASTELO;UN;0,24;0;7,41
26416;MOLHOP/SALADAITALIANO 240ML KISABOR;UN;0,24;0;6,19
29539;MOLHOP/SALADALIMAO236MLCASTELO;UN;0,24;0;7,44
26418;MOLHOP/SALADALIMAO 240ML KISABOR;UN;0,24;0;6,19
29541;MOLHOP/SALADAROSE 236ML CASTELO;UN;0,24;0;8,10
26414;MOLHOP/SALADAROSE240MLKISABOR;UN;0,24;0;6,19
31124;MOLHOSHOYO 1,01KG CEPERA;UN;1,00;0;12,49
26727;MOLHOSHOYO 1,01KG KISABOR;UN;1,00;0;9,00
33170;MOLHOTARTARO TOPDOWN CASTELO;UN;0,24;0;8,34
36714;MOSTARDA TRAD190G MENDEZ;UN;0,19;0;7,29
30150;OREGANO 200GRS QUALIMAX;UN;0,20;0;13,49
26533;OREGANO 250GRS PQ;UN;0,25;0;14,19
27170;PIMENTA C/AZEITETIPOUNICO 50ML GALLO;UN;0,05;0;12,69
26747;PIMENTADOREINOEMPO1KGPQ;UN;1,00;0;12,99
34636;PIMENTA EXTRA FORTE C/AZEITE 50ML GALLO;UN;0,05;0;14,19
36623;PURE DE BATATA FAZMAX800 G;UN;0,80;0;29,06
26480;PUREDEBATATA1,01KGKNORR;UN;1,01;0;54,99
26573;PURE DE BATATA 800GR TECNUTRI;UN;0,80;0;26,39
27172;PURE DE BATATA 800GRS QUALIMAX;UN;0,80;0;37,99
26505;SAZON ALHO900GRS;UN;0,90;0;40,69
27175;SAZON AMARELO 900GRSLEGUMES E ARROZ;UN;0,90;0;40,69
26507;SAZONVERDEAVES900GRS;UN;0,90;0;40,69
26506;SAZON VERMELHO CARNES 900GRS;UN;0,90;0;40,69
29551;TEMPERO COMPLETO C/PIMENTA 1KG CASTELO;UN;1,10;0;12,56
29553;TEMPEROCOMPLETOS/PIMENTA1KGCASTELO;UN;1,10;0;10,09
29527;VINAGRE ALCOOL COLORIDO VITALIA4%12 X 750ML;CX;9,00;0;26,31
29525;VINAGRE ALCOOL FORTALEZA SW 4% 12X 750ML;CX;9,00;0;21,46
29529;VINAGRE ALCOOL VITALIA 4% 12 X750ML;CX;9,00;0;21,79
33678;VINAGRE DE ALCOOL COMPOSTOLIMAO 4% 12X 750MLC;CX;9,00;0;75,24
29517;VINAGREALCOOL 12X750ML CASTELO;CX;9,00;0;35,23
34113;VINAGRE ALCOOL 2LTS 6% CASTELO;GL;2,00;0;10,71
30691;VINAGRE ALCOOL 5LTS 6% CASTELO;GL;3,00;0;22,49
29519;VINAGREALCOOLCOLORIDO12X750MLCASTELO;CX;9,00;0;41,99
29751;VINAGRE ALCOOL5LTS 4% CASTELO;GL;3,00;0;13,79
33162;VINAGRE BALSAMICO CREMOSO 230ML CASTELO;UN;0,24;0;20,99
33231;VINAGRE BALSAMICOTRADIZIONALE 500ML CASTELO;UN;0,50;0;18,99
35181;VINAGRE DE CEREAL ARROZ 20LTS 4% CASTELO;GL;20,00;0;101,19
29559;VINAGREDEFRUTAMACA 12X750ML CASTELO;CX;9,00;0;106,95
29753;VINAGRE DE VINHO TINTO 12 X750ML CASTELO;CX;9,00;0;95,93
30899;VINAGRE VINHO BRANCO 12X750ML CASTELO;UN;9,00;0;99,95
26795;VINAGREVINHOBRANCO250MLGALLO;UN;0,25;0;9,53
29531;VINAGRE VINHO TINTO SACHE 200 X 4ML CASTELO/BOM;CX;0,80;0;33,99
26489;CAFE EXTRAFORTE COAMO 10 X500GRDS FD;FD;5,00;0;220,99
26819;CAFE EXTRAFORTE SELETO 10 X 500GR;FD;5,00;0;199,99
26844;CAFE EXTRAFORTE UNIAO 10 X500GRS;FD;5,00;0;239,99
26484;CAFE TRADICIONALCOAMO 10X 500GRDS FD;FD;5,00;0;220,99
26845;CAFETRADICIONALSELETO10X500GRS;FD;5,00;0;199,99
26846;CAFE TRADICIONALUNIAO 10X 500GRS;FD;5,00;0;239,99
28143;AMIDO DE MILHO 1,8KG MAIZENA;UN;1,80;0;36,23
28144;AMIDO DE MILHO 500GR PQ;UN;0,50;0;3,49
35131;COUSCOUSDONRAVELLO500GR;UN;0,50;0;16,99
26561;FARINHA DE MANDIOCA CRUA FINA 1KG KISABOR;UN;1,00;0;7,99
26564;FARINHA DE MANDIOCA CRUA FINA 1KG PQ;UN;1,00;0;9,19
26560;FARINHA DE MILHOAMARELA 1KGKISABOR;UN;1,00;0;11,14
27038;FARINHA DE MILHOAMARELA 1KGPQ;UN;1,00;0;8,99
26531;FARINHADEROSCA1KGPQ;UN;1,00;0;11,14
34804;FARINHA DE ROSCA 10KG FIOCCOPAN ZINI;UN;10,00;0;151,99
30497;FARINHA DE ROSCA 5KGROMARIZ;UN;5,00;0;35,13
37200;FARINHADETRIGOORIGINALEPURISSIMA5X5;FD;10,00;0;100,95
26694;FARINHA DE TRIGO 10 X1ANACONDA TRADICIONAL;FD;10,00;0;45,99
35098;FARINHA DE TRIGO 10 X1ORIGINALEPURISSIMA;FD;10,00;0;45,99
26567;FARINHA DE TRIGO 5 X 5 ANACONDA;FD;25,00;0;111,89
30044;FARINHA DE TRIGO 5 X 5 ANACONDA PASTEL;FD;25,00;0;109,99
28255;FARINHADETRIGO5X5ANACONDAPIZZA;FD;25,00;0;99,99
33332;FARINHA DE TRIGO 5 X 5 ANACONDA PIZZA LONGAT1;FD;25,00;0;119,99
27042;FARINHA DE TRIGO 5 X 5 ANACONDA PREMIUM;FD;25,00;0;123,99
26378;FARINHADETRIGO5X5COAMOPASTEL;FD;25,00;0;83,29
26420;FARINHA DE TRIGO 5 X 5 COAMO PIZZA;FD;25,00;0;81,79
26377;FARINHA DE TRIGO 5 X 5 COAMO TRADICIONAL;FD;25,00;0;76,41
26570;FARINHA PANKO1KG ROMARIZ;UN;1,00;0;15,99
32903;FAROFAPRONTA 400GRS KISABOR;UN;0,40;0;4,59
26535;FAROFAPRONTA500GRSPQ;UN;0,50;0;5,49
35994;FLOCAO DE MILHO 500 GR KISABOR;UN;0,50;0;2,99
26559;FUBA MIMOSO1KG KISABOR;UN;1,10;0;5,53
26525;FUBAMIMOSO1KGPQ;UN;1,00;0;4,79
32274;TRIGOPARA KIBE 5KGROMARIZ;UN;5,00;0;32,99
26492;CREME CULINARIODAUS 1KG;UN;1,00;0;9,99
26864;CREME CULINARIOLECO 1 LITRO;UN;1,00;0;14,09
35847;CREME CULINARIOSUPERMIX 1KG;UN;1,00;0;8,49
26545;CREMEDELEITEITALAC1,03L;UN;1,00;0;11,99
32739;CREME DE LEITE 27X200ML PIRACANJUBA;UN;5,40;0;76,99
35184;LEITE CONDENSADO MISTLACTEAMOCOCA 2.5 KG;UN;2,50;0;25,87
36107;LEITECONDENSADO27X395GRPIRACANJUBASEMIDESN;UN;10,67;0;173,92
28925;LEITE DESNATADO ITALAC 12 X1L;CX;12,00;0;73,99
34967;LEITE DESNATADO PIRACANJUBA12X1;CX;12,00;0;77,99
26411;LEITE INTEGRAL ITALAC 12X 1L;CX;12,00;0;78,69
29357;LEITE INTEGRAL TIROL 12 X1L;CX;12,00;0;74,99
27034;EXTRATO DE TOMATE BONARE SACHE 1,7KG;UN;1,70;0;14,29
27037;EXTRATODETOMATEELEFANTELT4,08KG;UN;4,08;0;64,49
30169;EXTRATO DE TOMATE ELEFANTE 1,04KG;UN;1,04;0;16,99
33415;EXTRATO DE TOMATE ELEFANTE 1.7KG;UN;1,70;0;25,49
37260;EXTRATODETOMATE32X240HEINZ;CX;7,68;0;125,99
26563;MOLHOPIZZA BONARE1.7KG;UN;1,70;0;10,49
26519;MOLHOPRONTO BONARE 1,7KG;UN;1,70;0;11,19
35188;MOLHOPRONTO DESIDRATADO1,01KG QUALIMAX;UN;1,01;0;50,49
30455;MOLHOPRONTO POMAROLA 1.06KG;UN;1,06;0;7,99
32851;MOLHOPRONTOPOMAROLA1,7KG;UN;2,00;0;11,99
30453;MOLHOPRONTO TARANTELLA1.06KG;UN;1,06;0;6,19
28240;MOLHOPRONTO TRAD HEINZ SC 1,02KG;UN;1,02;0;8,99
34043;MOLHOPRONTOTRADKNORR1,5KG;UN;1,52;0;12,58
28241;MOLHOPRONTO TRAD QUERO 2KG;UN;2,00;0;9,99
32403;PREPAROPARA MILANESAPCT 800 GR KNORR;UN;0,80;0;40,74
26474;TOMATE PELADO 2,55KGDON RAVELLO;UN;2,55;0;34,99
33151;TOMATE PELADO 2,55KGOLE;UN;2,55;0;24,99
32849;TOMATETRITURADOPOMAROLA1,7KG;UN;2,00;0;14,59
33126;JERKEDBEEFDIANTEIRO2X5APETITO10KG;KG;10,00;0;41,48
26409;JERKED BEEFDIANTEIRO2X5KG REAL SABOR;KG;10,00;0;43,48
33129;JERKED BEEFTRASEIRO 2X5 APETITO 10KG;KG;10,00;0;44,98
26410;JERKED BEEFTRASEIRO 2X5KG REAL SABOR;KG;10,00;0;47,98
26582;ACHOCOLATADO EMPO1KG TECNUTRI;UN;1,00;0;10,79
35303;AROMA DE BAUNILHA 480ML CEPERA;BD;0,48;0;16,49
32336;CHOCOLATEEM PO 1 KG 32%TECNUTRI;UN;1,01;0;22,99
32334;CHOCOLATEEMPO1KG50%TECNUTRI;UN;1,01;0;30,79
32913;CHOCOLATEEM PO 1KG32% SOLUVEL QUALIMAX;UN;1,00;0;41,75
30152;CHOCOLATEEM PO 1KG50% QUALIMAX;UN;1,01;0;50,89
30154;CURAUCOMLEITE1KG QUALIMAX;UN;1,00;0;21,22
26460;CURAU COM LEITE 1KG TECNUTRI;UN;1,00;0;11,89
26865;CURAU SEM LEITE 1KGTECNUTRI;UN;1,00;0;10,99
28215;GELATINA FRAMBOESA 1KGQUALIMAX;UN;1,00;0;18,15
26430;GELATINA FRAMBOESA 1KGTECNUTRI;UN;1,00;0;12,39
34015;GELATINAABACAXIZEROACUCAR48X12GTECNUTRI;CX;5,76;0;59,69
28214;GELATINAABACAXI 1KG QUALIMAX;UN;1,00;0;18,15
26429;GELATINAABACAXI 1KG TECNUTRI;UN;1,00;0;12,39
36766;GELATINACEREJA1KGQUALIMAX;UN;1,00;0;18,15
33847;GELATINALIMAO ZEROACUCAR 48X12G TECNUTRI;CX;5,76;0;67,99
28218;GELATINALIMAO 1KGQUALIMAX;UN;1,00;0;18,15
26433;GELATINALIMAO 1KGTECNUTRI;UN;1,00;0;12,39
32933;GELATINAMORANGO ZEROACUCAR 48X12G TECNUTRI;CX;5,76;0;57,71
28219;GELATINAMORANGO1KGQUALIMAX;UN;1,00;0;18,15
26454;GELATINAMORANGO 1KGTECNUTRI;UN;1,00;0;12,39
30583;GELATINASEMSABOR 510G QUALIMAX;UN;0,50;0;70,59
32935;GELATINAUVAZEROACUCAR48X12GTECNUTRI;CX;5,76;0;62,44
28221;GELATINAUVA 1KG QUALIMAX;UN;1,00;0;18,15
26456;GELATINAUVA 1KG TECNUTRI;UN;1,00;0;12,39
36071;MOUSSE CHOCOLATE BRANCO 500GRTECNUTRI;UN;0,50;0;22,90
26728;MOUSSE CHOCOLATE 500GR TECNUTRI;UN;0,50;0;32,11
28244;MOUSSECHOCOLATE510GRQUALIMAX;UN;0,51;0;30,19
32747;MOUSSE LIMAO 500GR TECNUTRI;UN;0,50;0;19,49
32749;MOUSSE MARACUJA 500GR TECNUTRI;UN;0,50;0;19,49
27048;NUTELLA3KG;BD;3,10;0;195,99
28791;PUDIM BAUNILHA 1KG QUALIMAX;UN;1,00;0;18,25
26749;PUDIM BAUNILHA 1KG TECNUTRI;UN;1,00;0;11,46
29988;PUDIM CHOCOLATE S/L 1KG TECNUTRI;UN;1,00;0;11,49
30142;PUDIM CHOCOLATE 1KG QUALIMAX;UN;1,00;0;18,25
29938;PUDIMCOCOS/L 1KGTECNUTRI;UN;1,00;0;9,43
32864;PUDIM COCO 1KG QUALIMAX;UN;1,00;0;18,25
36226;PUDIM MORANGO S/LEITE1KG TECNUTRI;UN;1,00;0;9,43
32619;PUDIMMORANGO1KGQUALIMAX;UN;1,00;0;18,25
26755;PUDIM MORANGO 1KG TECNUTRI;UN;1,00;0;12,01
36796;KETCHUPBOM SABOR BAG 1,1KG;UN;1,10;0;14,59
31520;KETCHUPFRASCO 1,01KGCEPERA;UN;1,03;0;11,01
28223;KETCHUPHEINZBAG 2KG;UN;2,00;0;27,49
32165;KETCHUPSACHE 144X 7 G HEINZ;CX;1,23;0;20,99
32278;KETCHUPSACHE144X7GELEFANTE;CX;1,23;0;17,99
32892;KETCHUPSACHE 154X 7GR CEPERA;CX;1,23;0;17,49
26477;KETCHUPSACHE 168X7GHELLMANNS;CX;1,18;0;22,52
28306;KETCHUPSQUEEZEHEINZ 397G;UN;0,40;0;10,99
37250;KETCHUPZERO HEINZ 373G;UN;0,37;0;9,99
26512;KETCHUP3,5KGCEPERA;UN;3,50;0;29,59
29208;KETCHUP5,5KGCEPERA;UN;5,50;0;44,99
26712;MAIONESE CASEIRALIZA 2,7KG;UN;2,70;0;31,19
37382;MAIONESECHURRASCO1,1KGCEPERA;UN;1,10;0;38,89
26344;MAIONESE HELLMANS BAG 2,8KG;UN;2,80;0;49,99
26713;MAIONESE MARIANA 3KG;BD;3,00;0;24,99
33640;MAIONESEQUEROBAG2,7KG;UN;2,70;0;17,99
28228;MAIONESE QUERO BD 3KG;BD;3,00;0;24,49
34897;MAIONESE SACHE140X7G CEPERA;CX;0,98;0;20,99
32167;MAIONESE SACHE144 X7GHEINZ;CX;1,01;0;21,99
28230;MAIONESE SQUEEZE HEINZ 390G;UN;0,39;0;10,99
37380;MAIONESEVERDE1,1KGCEPERA;UN;1,10;0;34,78
28232;MAIONESE VIGOR 1KG BAG;BD;1,00;0;12,29
28584;MAIONESE VIGOR 2,8KG;UN;2,80;0;32,69
37378;MOLHOP/HAMBURGUER1,1KGCEPERA;UN;1,10;0;35,99
28243;MOSTARDA HEINZ BAG 2KG;UN;2,00;0;35,69
26345;MOSTARDA HELLMANNS SACHE168X7G;CX;1,18;0;22,99
32163;MOSTARDA SACHE 144 X 5 GRHEINZ;CX;0,88;0;20,99
32276;MOSTARDA SACHE 144X7G ELEFANTE;CX;1,23;0;17,69
34899;MOSTARDASACHE154X7GCEPERA;CX;1,08;0;16,56
28304;MOSTARDA SQUEEZE HEINZ 255G;UN;0,26;0;11,49
26494;MOSTARDA 3.3 KG CEPERA;UN;3,30;0;27,19
31788;GELEIA BLISTER DIET MORANGO/GOIABA 144X 10GR -IS;CX;1,44;0;53,55
31790;GELEIABLISTERMORANGO/GOIABA144X10GR-ISIS;CX;1,44;0;38,93
32614;MEL BLISTERSILVESTRE 144 X 15GR ISIS;CX;2,16;0;77,02
32363;MEL SILVESTRE 1KG ISIS;CX;1,00;0;53,58
32365;MEL SILVESTRE 260GISIS;CX;0,26;0;19,60
32161;PAO DE FORMA INTEGRALVISCONTI10X400G;CX;4,00;0;59,99
32160;PAO DE FORMA TRADICIONAL VISCONTI 10X400G;CX;4,00;0;54,99
27560;ALHO EM DENTE 1KGAPETITO;KG;1,00;0;16,78
30348;BACONEMCUBOS1KGFRIELLACONG;UN;1,00;0;23,98
27272;BACON MANTA ADEEL;KG;20,00;0;25,78
29281;BACON MANTA DALIA;KG;18,00;0;26,99
36970;BACONMANTAFRIELLAPEDACOS;KG;21,00;0;21,99
27870;BACON PALETA ADEEL;KG;14,50;0;22,99
37081;BACON PALETA COZ FATIADO SABOR MINEIRO;UN;1,00;0;26,78
27288;BACON PALETA DALIA;KG;17,00;0;21,88
27186;BACON PALETA EM CUBOS 1KGBRASA;UN;1,00;0;29,76
33841;BACONPALETAFATIADO1KGBRASA;UN;1,00;0;31,99
26577;OVOS DE CODORNA APETITO 900GR;UN;0,90;0;24,48
27248;TORRESMO PCT 500GR CHAPARRAL;PT;0,50;0;16,98
26892;LINGUICACALAB DEFUMADA SAOLUIZ 15KG;KG;15,00;0;16,78
36917;LINGUIÇACALABRESA 15KGREZENDE;KG;15,00;0;19,99
33345;LINGUICACALABRESA AURORA PCT5KGS;KG;5,00;0;24,49
26899;LINGUICACALABRESA AURORA 25KG;KG;25,00;0;21,98
28837;LINGUICACALABRESA CURVA DEFUMADA FRIELLA10 KG;KG;10,00;0;17,98
37449;LINGUICACALABRESA GOURMET SEARA 15KG;KG;15,00;0;23,99
28838;LINGUICACALABRESA RETADEFUMADA FRIELLA 10 KG;KG;10,00;0;17,99
30162;LINGUICACALABRESA SADIA 20KG;KG;20,00;0;22,98
26897;LINGUICACALABRESASEARA15KGRETA;KG;15,00;0;22,19
27230;SALGADOCOSTELASERRADA5515REFFINATO;KG;10,00;0;28,99
36222;SALGADOCOSTELASUINO AURORA;KG;10,00;0;20,38
31044;SALGADOKITP/ FEIJOADA SAUDALI 10KG;KG;10,00;0;20,00
31846;SALGADOLINGUAFRIGONIARA10KG;KG;10,00;0;10,99
29614;SALGADOLINGUAREFFINATO 10KG;KG;10,00;0;12,49
34681;SALGADOLOMBOFRIGONIRARA10KG;KG;10,00;0;28,99
29616;SALGADOLOMBOREFFINATO 10KG;KG;10,00;0;28,99
29660;SALGADOORELHA FRIELLA 10KG;KG;10,00;0;11,29
31847;SALGADOORELHAFRIGONIARA10KG;KG;10,00;0;11,49
29789;SALGADOORELHA REFFINATO 10KG;KG;10,00;0;11,99
27243;SALGADOPE FRIELLA10KG;KG;10,00;0;11,99
33123;SALGADOPEFRIGONIARA10KG;KG;10,00;0;11,99
29921;SALGADOPE SEARA10KG;KG;10,00;0;11,99
33343;SALGADOPONTA DE COSTELA FRIGONIARA 10KG;KG;10,00;0;24,99
29565;SALGADORABO DALIA;KG;10,00;0;23,49
37501;SALGADORABO FRIELLA;KG;10,00;0;20,99
30036;SALGADORABOSEARA10KG;KG;10,00;0;20,99
32377;BROWNIES/NOZES20X70GR;CX;1,40;0;108,99
32196;PETIT GATEAU CHOC.VAREJO18X240G (4X60G)MR BEY;CX;4,32;0;448,69
36932;PETIT GATEAU CHOCOLATE CANDY 24X100G;CX;2,40;0;95,76
31800;PETITGATEAUCHOCOLATEMRBEY24X100G;CX;2,40;0;167,76
32858;PUDIM DE LEITE 12X80GR MR BEY;CX;0,90;0;68,89
32416;TORTA HOLANDESA 12X70G MR BEY;CX;0,84;0;97,90
26579;AGUA SEM GAS LINDOYA 12X 500ML;FD;6,00;0;16,99
36519;AGUA SEM GAS PURAQUA12 X 510ML;FD;6,12;0;15,59
32910;VINHOBRANCO SECO 4LTFOODVILA ROMANA;UN;4,00;0;40,16
32912;VINHOTINHO SECO4LT FOOD VILA ROMANA;UN;4,00;0;41,59
26583;ACHOCOLATADO EMPO1KG ITALAC;UN;1,00;0;13,99
29768;NESCAU NESTLE 2KG;UN;2,00;0;47,69
35891;REFRESCO TANGERINA 1KG TECNUTRI;UN;1,00;0;12,99
28249;REFRESCOABACAXI1KGQUALIMAX;UN;1,00;0;9,89
36770;REFRESCOACAIC/GUARANA 1KG QUALIMAX;UN;1,00;0;9,89
30138;REFRESCOCAJU 1KG QUALIMAX;UN;1,00;0;9,89
30134;REFRESCOGOIABA1KGQUALIMAX;UN;1,00;0;9,89
29607;REFRESCOGOIABA 1KG TECNUTRI;UN;1,00;0;12,99
36772;REFRESCOGUARANA 1KG QUALIMAX;UN;1,00;0;9,89
28810;REFRESCOLARANJA E ACEROLA1KG QUALIMAX;UN;1,00;0;9,89
28250;REFRESCOLARANJA 1KG QUALIMAX;UN;1,00;0;9,89
26462;REFRESCOLARANJA1KGTECNUTRI;UN;1,00;0;12,99
30136;REFRESCOLIMAO 1KGQUALIMAX;UN;1,00;0;9,89
35889;REFRESCOLIMAO 1KGTECNUTRI;UN;1,00;0;12,99
28251;REFRESCOMARACUJA1KGQUALIMAX;UN;1,00;0;9,89
37279;REFRESCOMORANGO 1KGQUALIMAX;UN;1,00;0;10,06
26466;REFRESCOMORANGO 1KGTECNUTRI;UN;1,00;0;12,99
30132;REFRESCOPESSEGO1KG QUALIMAX;UN;1,00;0;9,89
36768;REFRESCOSALA DE FRUTA 1KG QUALIMAX;UN;1,00;0;9,89
30140;REFRESCOTANGERINA1KGQUALIMAX;UN;1,00;0;9,89
26467;REFRESCOUVA 1KG TECNUTRI;UN;1,00;0;12,99
33025;CONCENTRADO LIQ P/REF ABACAXI500ML MAGUARY;UN;0,50;0;8,93
33015;CONCENTRADO LIQ P/REF GOIABADAFRUTA 500ML MAG;UN;0,50;0;6,67
33032;CONCENTRADOLIQP/REFMANGA500MLMAGUARY;UN;0,50;0;7,26
33011;CONCENTRADO LIQ P/REF MARACUJA DAFRUTA 500ML M;UN;0,50;0;8,05
33023;CONCENTRADO LIQ P/REF MARACUJA 500MLMAGUARY;UN;0,50;0;6,80
33019;CONCENTRADO LIQ P/REF UVADAFRUTA 500ML MAGUAR;UN;0,50;0;6,67
33034;CONCENTRADO LIQ P/REF UVA500ML MAGUARY;UN;0,50;0;7,22
33036;MAGUARYNECTAR ABACAXI1LT;UN;1,00;0;5,13
33040;MAGUARY NECTAR GOIABA1LT;UN;1,00;0;5,03
33046;MAGUARY NECTAR UVA1LT;UN;1,00;0;5,53
33038;MAGUARY NECTARCAJU 1LT;UN;1,00;0;5,01
32987;MAGUARY NECTARCAJU 27/200ML DA FRUTA;CX;5,40;0;37,42
33042;MAGUARY NECTARLARANJA 1LT;UN;1,00;0;5,53
33051;MAGUARYNECTARMACA1LT;UN;1,00;0;5,01
33005;MAGUARY NECTARMARACUJA 27/200ML;CX;5,40;0;42,52
33044;MAGUARY NECTARMARACUJA 1LT;UN;1,00;0;5,12
33048;MAGUARYNECTARMORANGO1LT;UN;1,00;0;4,96
33001;MAGUARY NECTARUVA 27/200ML;CX;5,40;0;39,12
27080;BARRA CHOCOLATE AO LEITE2,1KG GENUINE;UN;2,10;0;133,99
27081;BARRA CHOCOLATE BLEND2,1KG GENUINE;UN;2,10;0;123,99
27082;BARRA CHOCOLATE BRANCO 2,1KGGENUINE;UN;1,00;0;161,19
32647;CHOCOLATEAOLEITE BARRAMELKEN HARALD2,100KG;UN;2,10;0;204,99
29884;CHOCOLATEAOLEITEEMMOEDAS2,05KGGENUINE;UN;2,05;0;131,09
31171;CHOCOLATEBRANCO EMMOEDAS 2,05 KG GENUINE;UN;2,05;0;158,49
32371;CHOCOLATEFORNEAVEL AO LEITE 1,005KG DOLCISCAL;UN;1,05;0;37,49
32375;CHOCOLATEFORNEAVELCREMEDEAVELA1,005KGDOL;UN;1,05;0;37,99
29882;CHOCOLATEMEIO AMARGO EM MOEDAS 2,05 KG GENUIN;UN;2,05;0;131,99
36119;COBERTURABARRA MEIOAMARGO500G HARALD;UN;0,50;0;18,48
36117;COBERTURAPISTACHE TOP1,01KG HARALD;UN;1,01;0;51,85
36295;CREME CHANTILLYDAUS 1KG;UN;1,00;0;15,99
27119;CREMECHANTYMIXAMELIA1L;UN;1,00;0;20,32
36127;GRANULADO MACIO 1,01KG HARALD;UN;1,01;0;29,34
36344;RECHEIO COB LEITINHO MELKEN 8X1,010 KG;UN;1,01;0;38,51
36121;RECHEIOFORNEAVELAVELA2,01KGHARALD;UN;2,01;0;88,34
36123;RECHEIO FORNEAVEL CHOCOLATE AO LEITE CONFEITEIR;UN;2,01;0;64,99
32724;KIT DE VENTILACAO EVAPORADOR SELLPARTS;500PW;1,00;0;499,00
